Path,URL,Size in bytes (optional but recommended),MD5 Hash (optional but recommended),Filter Terms (optional),Overwrite (optional),Comments (optional)
docs/AVision/Adventure Game Vision Manuals DB/Defender_-_1982_-_Entex_Industries_Inc.pdf,https://archive.org/download/mister-manuals-db-poc2/AVision/Adventure%20Game%20Vision%20Manuals%20DB/Defender_-_1982_-_Entex_Industries_Inc.pdf,292332,03d2e7a596fbb9da191fb080bdad299a,AVision,,AVision
docs/AVision/Adventure Game Vision Manuals DB/Space_Force_-_1982_-_Entex_Industries_Inc.pdf,https://archive.org/download/mister-manuals-db-poc2/AVision/Adventure%20Game%20Vision%20Manuals%20DB/Space_Force_-_1982_-_Entex_Industries_Inc.pdf,315409,f04ade40861357b74bfd87a563695d19,AVision,,AVision
docs/AVision/Adventure Game Vision Manuals DB/Super_Cobra_-_1982_-_Entex_Industries_Inc.pdf,https://archive.org/download/mister-manuals-db-poc2/AVision/Adventure%20Game%20Vision%20Manuals%20DB/Super_Cobra_-_1982_-_Entex_Industries_Inc.pdf,348985,983bb8425e4f3801f556e2514abc6332,AVision,,AVision
docs/AVision/Adventure Game Vision Manuals DB/Turtles_-_1982_-_Entex_Industries_Inc.pdf,https://archive.org/download/mister-manuals-db-poc2/AVision/Adventure%20Game%20Vision%20Manuals%20DB/Turtles_-_1982_-_Entex_Industries_Inc.pdf,387422,38d8cf8b12a232750f5b5dba4895eb51,AVision,,AVision
docs/AcornAtom/Acorn Atom Game Manuals DB/AtomCalc_-_1982_-_Acornsoft.pdf,https://archive.org/download/mister-manuals-db-poc2/AcornAtom/Acorn%20Atom%20Game%20Manuals%20DB/AtomCalc_-_1982_-_Acornsoft.pdf,3604899,8e67b5e0494dfbd122c1cddf45fc9857,AcornAtom,,AcornAtom
docs/Astrocade/Bally Astrocade Game Manuals DB/280zzap_-_1977_-_Bally_Mfg._Corp.pdf,https://archive.org/download/mister-manuals-db-poc2/Astrocade/Bally%20Astrocade%20Game%20Manuals%20DB/280zzap_-_1977_-_Bally_Mfg._Corp.pdf,368172,feca78161399661d0f4b2c12f37472c2,Astrocade,,Astrocade
docs/Astrocade/Bally Astrocade Game Manuals DB/Amazing_Maze_-_1979_-_Bally_Mfg._Corp.pdf,https://archive.org/download/mister-manuals-db-poc2/Astrocade/Bally%20Astrocade%20Game%20Manuals%20DB/Amazing_Maze_-_1979_-_Bally_Mfg._Corp.pdf,419817,0c389e505a13892a0e2e03dc690c8352,Astrocade,,Astrocade
docs/Astrocade/Bally Astrocade Game Manuals DB/Artillery_Duel_-_1982_-_Bally_Mfg._Corp.pdf,https://archive.org/download/mister-manuals-db-poc2/Astrocade/Bally%20Astrocade%20Game%20Manuals%20DB/Artillery_Duel_-_1982_-_Bally_Mfg._Corp.pdf,1897953,0cae710fac79e4306e0005b64bfc6948,Astrocade,,Astrocade
docs/Astrocade/Bally Astrocade Game Manuals DB/Astro_Battle_-_1978_-_Bally_Mfg._Corp.pdf,https://archive.org/download/mister-manuals-db-poc2/Astrocade/Bally%20Astrocade%20Game%20Manuals%20DB/Astro_Battle_-_1978_-_Bally_Mfg._Corp.pdf,294789,64650f43405685bbe97648a298f963a1,Astrocade,,Astrocade
docs/Astrocade/Bally Astrocade Game Manuals DB/Bally_Pin_-_1977_-_Bally_Mfg._Corp.pdf,https://archive.org/download/mister-manuals-db-poc2/Astrocade/Bally%20Astrocade%20Game%20Manuals%20DB/Bally_Pin_-_1977_-_Bally_Mfg._Corp.pdf,441229,dd0f8c7d8cd3fd14e8a0eb20fb70c290,Astrocade,,Astrocade
docs/Astrocade/Bally Astrocade Game Manuals DB/Football_-_1978_-_Bally_Mfg._Corp.pdf,https://archive.org/download/mister-manuals-db-poc2/Astrocade/Bally%20Astrocade%20Game%20Manuals%20DB/Football_-_1978_-_Bally_Mfg._Corp.pdf,367667,a2d5f1987d1a7131f28faa145e3106dc,Astrocade,,Astrocade
docs/Astrocade/Bally Astrocade Game Manuals DB/Missile_-_1978_-_Bally_Mfg._Corp.pdf,https://archive.org/download/mister-manuals-db-poc2/Astrocade/Bally%20Astrocade%20Game%20Manuals%20DB/Missile_-_1978_-_Bally_Mfg._Corp.pdf,353236,8823faa854507e5e0da96d817d5aa1cd,Astrocade,,Astrocade
docs/Astrocade/Bally Astrocade Game Manuals DB/Pirate-s_Chase.pdf,https://archive.org/download/mister-manuals-db-poc2/Astrocade/Bally%20Astrocade%20Game%20Manuals%20DB/Pirate-s_Chase.pdf,1052359,7d1a429b1129956ab6abf431bf98b15c,Astrocade,,Astrocade
docs/Astrocade/Bally Astrocade Game Manuals DB/Seawolf_-_1977_-_Bally_Mfg._Corp.pdf,https://archive.org/download/mister-manuals-db-poc2/Astrocade/Bally%20Astrocade%20Game%20Manuals%20DB/Seawolf_-_1977_-_Bally_Mfg._Corp.pdf,353235,366ce8328b9d4a36a5663f3cc149279d,Astrocade,,Astrocade
docs/Astrocade/Bally Astrocade Game Manuals DB/Solar_Conqueror_-_1983_-_Astrocade_Inc..pdf,https://archive.org/download/mister-manuals-db-poc2/Astrocade/Bally%20Astrocade%20Game%20Manuals%20DB/Solar_Conqueror_-_1983_-_Astrocade_Inc..pdf,1031706,8fe1b047a4ee0d62203055c905656c9b,Astrocade,,Astrocade
docs/Astrocade/Bally Astrocade Game Manuals DB/Space_Fortress_-_1981_-_Bally_Mfg._Corp.pdf,https://archive.org/download/mister-manuals-db-poc2/Astrocade/Bally%20Astrocade%20Game%20Manuals%20DB/Space_Fortress_-_1981_-_Bally_Mfg._Corp.pdf,559449,c7cbf4cae046bfc112bf79e83449bbef,Astrocade,,Astrocade
docs/Astrocade/Bally Astrocade Game Manuals DB/Star_Battle_-_1977_-_Bally_Mfg._Corp.pdf,https://archive.org/download/mister-manuals-db-poc2/Astrocade/Bally%20Astrocade%20Game%20Manuals%20DB/Star_Battle_-_1977_-_Bally_Mfg._Corp.pdf,230385,c41f6a38a760effe34c6da7020880d46,Astrocade,,Astrocade
docs/Astrocade/Bally Astrocade Game Manuals DB/Treasure_Cove.pdf,https://archive.org/download/mister-manuals-db-poc2/Astrocade/Bally%20Astrocade%20Game%20Manuals%20DB/Treasure_Cove.pdf,839197,c0e3dc8b67131783f37d561818113f13,Astrocade,,Astrocade
docs/Astrocade/Bally Astrocade Game Manuals DB/Wizard_of_Wor_-_1982_-_Bally_Mfg._Corp.pdf,https://archive.org/download/mister-manuals-db-poc2/Astrocade/Bally%20Astrocade%20Game%20Manuals%20DB/Wizard_of_Wor_-_1982_-_Bally_Mfg._Corp.pdf,691014,5387841c2e3b675cb087c0bcfbb713f7,Astrocade,,Astrocade
docs/CD-i/CDi Game Manuals DB/Burn-_Cycle_-_1994_-_Philips_Interactive_Media.pdf,https://archive.org/download/mister-manuals-db-poc2/CD-i/CDi%20Game%20Manuals%20DB/Burn-_Cycle_-_1994_-_Philips_Interactive_Media.pdf,2882564,21ac69ad2df707b5b09fc76cd268f5aa,CD-i,,CD-i
docs/CD-i/CDi Game Manuals DB/Lemmings_-_1993_-_Philips_Interactive_Media.pdf,https://archive.org/download/mister-manuals-db-poc2/CD-i/CDi%20Game%20Manuals%20DB/Lemmings_-_1993_-_Philips_Interactive_Media.pdf,4555617,ae691ce4e6d31634dd2c7163a0f99734,CD-i,,CD-i
docs/CD-i/CDi Game Manuals DB/Link-_The_Faces_of_Evil_-_1993_-_Philips_Interactive_Media.pdf,https://archive.org/download/mister-manuals-db-poc2/CD-i/CDi%20Game%20Manuals%20DB/Link-_The_Faces_of_Evil_-_1993_-_Philips_Interactive_Media.pdf,8744098,f8cfdb2797589177c381c11e14329022,CD-i,,CD-i
docs/CD-i/CDi Game Manuals DB/Mad_Dog_II-_The_Lost_Gold_-_1995_-_Philips_Interactive_Media.pdf,https://archive.org/download/mister-manuals-db-poc2/CD-i/CDi%20Game%20Manuals%20DB/Mad_Dog_II-_The_Lost_Gold_-_1995_-_Philips_Interactive_Media.pdf,4323361,c71cd1c25db4be99301ddd687f6242cc,CD-i,,CD-i
docs/CD-i/CDi Game Manuals DB/Zelda-_The_Wand_of_Gamelon_-_1993_-_Philips_Interactive_Media.pdf,https://archive.org/download/mister-manuals-db-poc2/CD-i/CDi%20Game%20Manuals%20DB/Zelda-_The_Wand_of_Gamelon_-_1993_-_Philips_Interactive_Media.pdf,1988074,dbd52e51322199ee4935079de22030bf,CD-i,,CD-i
docs/CD-i/CDi Game Manuals DB/Zelda-s_Adventure_-_1995_-_Philips_Interactive_Media.pdf,https://archive.org/download/mister-manuals-db-poc2/CD-i/CDi%20Game%20Manuals%20DB/Zelda-s_Adventure_-_1995_-_Philips_Interactive_Media.pdf,8540003,50998904c8abb0049b66df912c50dc68,CD-i,,CD-i
docs/ChannelF/Channel F Game Manuals DB/Baseball_-_1977_-_Fairchild_Semiconductor.pdf,https://archive.org/download/mister-manuals-db-poc2/ChannelF/Channel%20F%20Game%20Manuals%20DB/Baseball_-_1977_-_Fairchild_Semiconductor.pdf,4693,99a95d4e419cf8d21681569148cde8d1,ChannelF,,ChannelF
docs/ChannelF/Channel F Game Manuals DB/Desert_Fox_-_Shooting_Gallery_-_1976_-_Fairchild_Semiconductor.pdf,https://archive.org/download/mister-manuals-db-poc2/ChannelF/Channel%20F%20Game%20Manuals%20DB/Desert_Fox_-_Shooting_Gallery_-_1976_-_Fairchild_Semiconductor.pdf,5948,122a22e9bda0b16dc5a847ca3e69a7c3,ChannelF,,ChannelF
docs/ChannelF/Channel F Game Manuals DB/Drag_Race_-_1977_-_Fairchild_Semiconductor.pdf,https://archive.org/download/mister-manuals-db-poc2/ChannelF/Channel%20F%20Game%20Manuals%20DB/Drag_Race_-_1977_-_Fairchild_Semiconductor.pdf,6427,ef4dcf0d8a49ba131add3a783dcf9e68,ChannelF,,ChannelF
docs/ChannelF/Channel F Game Manuals DB/Galactic_Space_Wars_-_Luna_Lander_-_1978_-_Zircon_International_Inc..pdf,https://archive.org/download/mister-manuals-db-poc2/ChannelF/Channel%20F%20Game%20Manuals%20DB/Galactic_Space_Wars_-_Luna_Lander_-_1978_-_Zircon_International_Inc..pdf,5011,1993d900de4dab25b2b8d4c7ba0d87ea,ChannelF,,ChannelF
docs/ChannelF/Channel F Game Manuals DB/Hockey_-_Tennis_-_1976_-_Fairchild_Semiconductor.pdf,https://archive.org/download/mister-manuals-db-poc2/ChannelF/Channel%20F%20Game%20Manuals%20DB/Hockey_-_Tennis_-_1976_-_Fairchild_Semiconductor.pdf,1682508,e1d7bfdade30f2b609b71aca2c020ab0,ChannelF,,ChannelF
docs/ChannelF/Channel F Game Manuals DB/Math_Quiz_II-_Multiplication_-_Division_-_1977_-_Fairchild_Semiconductor.pdf,https://archive.org/download/mister-manuals-db-poc2/ChannelF/Channel%20F%20Game%20Manuals%20DB/Math_Quiz_II-_Multiplication_-_Division_-_1977_-_Fairchild_Semiconductor.pdf,10459,8e6f08af7175be718518b202385ac0c3,ChannelF,,ChannelF
docs/ChannelF/Channel F Game Manuals DB/Math_Quiz_I_-_Addition_-_Subtraction_-_1977_-_Fairchild_Semiconductor.pdf,https://archive.org/download/mister-manuals-db-poc2/ChannelF/Channel%20F%20Game%20Manuals%20DB/Math_Quiz_I_-_Addition_-_Subtraction_-_1977_-_Fairchild_Semiconductor.pdf,10508,5dfd0f55d954e136cae0d604191e4ad4,ChannelF,,ChannelF
"docs/ChannelF/Channel F Game Manuals DB/Maze,_Jailbreak,_Blind_Man-s_bluf,f_-_Trailblazer_-_1977_-_Fairchild_Semiconductor.pdf",https://archive.org/download/mister-manuals-db-poc2/ChannelF/Channel%20F%20Game%20Manuals%20DB/Maze%2C_Jailbreak%2C_Blind_Man-s_bluf%2Cf_-_Trailblazer_-_1977_-_Fairchild_Semiconductor.pdf,7986,331cd32f3db1da588b611ca15577f56d,ChannelF,,ChannelF
docs/ChannelF/Channel F Game Manuals DB/Memory_Match_1_-_2_-_1978_-_Fairchild_Semiconductor.pdf,https://archive.org/download/mister-manuals-db-poc2/ChannelF/Channel%20F%20Game%20Manuals%20DB/Memory_Match_1_-_2_-_1978_-_Fairchild_Semiconductor.pdf,5264,1b5cef184e1a85b2a811de79094b6800,ChannelF,,ChannelF
"docs/ChannelF/Channel F Game Manuals DB/Muehle,_Tontauben-Schiessen,_Kreatives_Malspiel,_-_Videoscope_-_1977_-_Saba_Videoplay.pdf",https://archive.org/download/mister-manuals-db-poc2/ChannelF/Channel%20F%20Game%20Manuals%20DB/Muehle%2C_Tontauben-Schiessen%2C_Kreatives_Malspiel%2C_-_Videoscope_-_1977_-_Saba_Videoplay.pdf,6299,ee9ec5f4d261691dff9e4e8b646b7a7a,ChannelF,,ChannelF
docs/ChannelF/Channel F Game Manuals DB/Robot_War_-_Torpedo_Alley_-_1977_-_Fairchild_Semiconductor.pdf,https://archive.org/download/mister-manuals-db-poc2/ChannelF/Channel%20F%20Game%20Manuals%20DB/Robot_War_-_Torpedo_Alley_-_1977_-_Fairchild_Semiconductor.pdf,6002,c6fb39d4a65913cd108eec29dc88e78d,ChannelF,,ChannelF
docs/ChannelF/Channel F Game Manuals DB/Sonar_Search_-_1977_-_Fairchild_Semiconductor.pdf,https://archive.org/download/mister-manuals-db-poc2/ChannelF/Channel%20F%20Game%20Manuals%20DB/Sonar_Search_-_1977_-_Fairchild_Semiconductor.pdf,6325,f9832df23e8f59e1a9312aa79da1f5dc,ChannelF,,ChannelF
docs/ChannelF/Channel F Game Manuals DB/Space_War_-_1977_-_Fairchild_Semiconductor.pdf,https://archive.org/download/mister-manuals-db-poc2/ChannelF/Channel%20F%20Game%20Manuals%20DB/Space_War_-_1977_-_Fairchild_Semiconductor.pdf,5407,b180a029a1e7f469633b057f01e19837,ChannelF,,ChannelF
docs/ChannelF/Channel F Game Manuals DB/Spitfire_-_1977_-_Fairchild_Semiconductor.pdf,https://archive.org/download/mister-manuals-db-poc2/ChannelF/Channel%20F%20Game%20Manuals%20DB/Spitfire_-_1977_-_Fairchild_Semiconductor.pdf,6412,b702f09505725963edf294fb9ff6efd2,ChannelF,,ChannelF
"docs/ChannelF/Channel F Game Manuals DB/Tic-Tac-Toe,_Shooting_Gallery,_Doodle,_-_Quadra-Doodle_-_1976_-_Fairchild_Semiconductor.pdf",https://archive.org/download/mister-manuals-db-poc2/ChannelF/Channel%20F%20Game%20Manuals%20DB/Tic-Tac-Toe%2C_Shooting_Gallery%2C_Doodle%2C_-_Quadra-Doodle_-_1976_-_Fairchild_Semiconductor.pdf,6289,d660fb02de49ddece24bd2662fe2585e,ChannelF,,ChannelF
docs/ChannelF/Channel F Game Manuals DB/Video_Blackjack_-_1976_-_Fairchild_Semiconductor.pdf,https://archive.org/download/mister-manuals-db-poc2/ChannelF/Channel%20F%20Game%20Manuals%20DB/Video_Blackjack_-_1976_-_Fairchild_Semiconductor.pdf,6727,df5c07fcc4d84788b6130be1825f2fe1,ChannelF,,ChannelF
docs/CoCo2/Dragon 32-64 Game Manuals DB/Calixto_Island_-_1983_-_Dragon_Data.pdf,https://archive.org/download/mister-manuals-db-poc2/CoCo2/Dragon%2032-64%20Game%20Manuals%20DB/Calixto_Island_-_1983_-_Dragon_Data.pdf,661643,99c7bc7cc0f339bf10ef7c78d4aaf86d,CoCo2,,CoCo2
docs/CoCo2/Dragon 32-64 Game Manuals DB/Football_Manager_-_1984_-_Addictive_Games.pdf,https://archive.org/download/mister-manuals-db-poc2/CoCo2/Dragon%2032-64%20Game%20Manuals%20DB/Football_Manager_-_1984_-_Addictive_Games.pdf,399894,f74a13da6cd7c6e751ca94c1514389c5,CoCo2,,CoCo2
docs/CoCo2/Dragon 32-64 Game Manuals DB/Madness_-_the_Minotaur_-_1982_-_Dragon_Data.pdf,https://archive.org/download/mister-manuals-db-poc2/CoCo2/Dragon%2032-64%20Game%20Manuals%20DB/Madness_-_the_Minotaur_-_1982_-_Dragon_Data.pdf,566864,69f586ac495fb80050bc207dcff312c7,CoCo2,,CoCo2
docs/CoCo2/Dragon 32-64 Game Manuals DB/Manic_Miner_-_1984_-_Software_Projects.pdf,https://archive.org/download/mister-manuals-db-poc2/CoCo2/Dragon%2032-64%20Game%20Manuals%20DB/Manic_Miner_-_1984_-_Software_Projects.pdf,209381,a89f1103d362f3790d6cc45c0d166fcd,CoCo2,,CoCo2
docs/CoCo2/Dragon 32-64 Game Manuals DB/Time_Bandit_-_1984_-_MicroDeal.pdf,https://archive.org/download/mister-manuals-db-poc2/CoCo2/Dragon%2032-64%20Game%20Manuals%20DB/Time_Bandit_-_1984_-_MicroDeal.pdf,362952,e4b3323ea68aad8d95845749fa0199ba,CoCo2,,CoCo2
docs/CoCo2/Dragon 32-64 Game Manuals DB/Total_Eclipse_-_1985_-_J._Penn_Discount_Software.pdf,https://archive.org/download/mister-manuals-db-poc2/CoCo2/Dragon%2032-64%20Game%20Manuals%20DB/Total_Eclipse_-_1985_-_J._Penn_Discount_Software.pdf,1879508,982defadb32bcef29ac0b224814182cb,CoCo2,,CoCo2
docs/CreatiVision/CreatiVision Game Manuals DB/Air-Sea_Attack_-_1981_-_VTL.pdf,https://archive.org/download/mister-manuals-db-poc2/CreatiVision/CreatiVision%20Game%20Manuals%20DB/Air-Sea_Attack_-_1981_-_VTL.pdf,239516,78f39a98c6ad891742c4f37dd34c7db9,CreatiVision,,CreatiVision
docs/CreatiVision/CreatiVision Game Manuals DB/Astro_Pinball_-_1981_-_VTL.pdf,https://archive.org/download/mister-manuals-db-poc2/CreatiVision/CreatiVision%20Game%20Manuals%20DB/Astro_Pinball_-_1981_-_VTL.pdf,217311,ecdbed7090fa338bb2aa89b5fb593fe8,CreatiVision,,CreatiVision
docs/CreatiVision/CreatiVision Game Manuals DB/Auto_Chase_-_1981_-_VTL.pdf,https://archive.org/download/mister-manuals-db-poc2/CreatiVision/CreatiVision%20Game%20Manuals%20DB/Auto_Chase_-_1981_-_VTL.pdf,246763,811006d774d430125ce23890286121f2,CreatiVision,,CreatiVision
docs/CreatiVision/CreatiVision Game Manuals DB/Chopper_Rescue_-_1982_-_VTL.pdf,https://archive.org/download/mister-manuals-db-poc2/CreatiVision/CreatiVision%20Game%20Manuals%20DB/Chopper_Rescue_-_1982_-_VTL.pdf,184212,fa65e6fe4cf5ae5f8f66f59b5f4726bb,CreatiVision,,CreatiVision
docs/CreatiVision/CreatiVision Game Manuals DB/Crazy_Chicky_-_1981_-_VTL.pdf,https://archive.org/download/mister-manuals-db-poc2/CreatiVision/CreatiVision%20Game%20Manuals%20DB/Crazy_Chicky_-_1981_-_VTL.pdf,346057,283544631b140ffe5cc4ef5d0dbe6252,CreatiVision,,CreatiVision
docs/CreatiVision/CreatiVision Game Manuals DB/Deep_Sea_Adventure_-_VTL.pdf,https://archive.org/download/mister-manuals-db-poc2/CreatiVision/CreatiVision%20Game%20Manuals%20DB/Deep_Sea_Adventure_-_VTL.pdf,246282,341d93f677f98b802ea1e9db6820b3bc,CreatiVision,,CreatiVision
docs/CreatiVision/CreatiVision Game Manuals DB/Locomotive_-_1981_-_VTL.pdf,https://archive.org/download/mister-manuals-db-poc2/CreatiVision/CreatiVision%20Game%20Manuals%20DB/Locomotive_-_1981_-_VTL.pdf,152290,edae4dec607943ba40fc450697697789,CreatiVision,,CreatiVision
docs/CreatiVision/CreatiVision Game Manuals DB/Mouse_Puzzle_-_1983_-_VTL.pdf,https://archive.org/download/mister-manuals-db-poc2/CreatiVision/CreatiVision%20Game%20Manuals%20DB/Mouse_Puzzle_-_1983_-_VTL.pdf,199133,819b32d4d862946a054fd48bf17b3f2f,CreatiVision,,CreatiVision
docs/CreatiVision/CreatiVision Game Manuals DB/Music_Maker_-_1983_-_VTL.pdf,https://archive.org/download/mister-manuals-db-poc2/CreatiVision/CreatiVision%20Game%20Manuals%20DB/Music_Maker_-_1983_-_VTL.pdf,273877,d8b9784d3479da747eb802068b0ee3e0,CreatiVision,,CreatiVision
docs/CreatiVision/CreatiVision Game Manuals DB/Planet_Defender_-_1982_-_VTL.pdf,https://archive.org/download/mister-manuals-db-poc2/CreatiVision/CreatiVision%20Game%20Manuals%20DB/Planet_Defender_-_1982_-_VTL.pdf,214379,ceee4df7eb72e0f0248c8a5c44babc3c,CreatiVision,,CreatiVision
docs/CreatiVision/CreatiVision Game Manuals DB/Police_Jump_-_1981_-_VTL.pdf,https://archive.org/download/mister-manuals-db-poc2/CreatiVision/CreatiVision%20Game%20Manuals%20DB/Police_Jump_-_1981_-_VTL.pdf,262367,583ec37d6176892427e2edc51ab6f7b7,CreatiVision,,CreatiVision
docs/CreatiVision/CreatiVision Game Manuals DB/Soccer_-_1983_-_VTL.pdf,https://archive.org/download/mister-manuals-db-poc2/CreatiVision/CreatiVision%20Game%20Manuals%20DB/Soccer_-_1983_-_VTL.pdf,172192,6d2b727fea0f80945bd117f51fdb9d83,CreatiVision,,CreatiVision
docs/CreatiVision/CreatiVision Game Manuals DB/Sonic_Invader_-_1981_-_VTL.pdf,https://archive.org/download/mister-manuals-db-poc2/CreatiVision/CreatiVision%20Game%20Manuals%20DB/Sonic_Invader_-_1981_-_VTL.pdf,269793,c2bda85a04caf8341f9efbe0c85533af,CreatiVision,,CreatiVision
docs/CreatiVision/CreatiVision Game Manuals DB/Tank_Attack_-_1981_-_VTL.pdf,https://archive.org/download/mister-manuals-db-poc2/CreatiVision/CreatiVision%20Game%20Manuals%20DB/Tank_Attack_-_1981_-_VTL.pdf,253641,4d5473ce820731499cad0dd165d4dbac,CreatiVision,,CreatiVision
docs/CreatiVision/CreatiVision Game Manuals DB/Tennis_-_1981_-_VTL.pdf,https://archive.org/download/mister-manuals-db-poc2/CreatiVision/CreatiVision%20Game%20Manuals%20DB/Tennis_-_1981_-_VTL.pdf,257424,9163049b448e5150e96ad260116953a5,CreatiVision,,CreatiVision
docs/Jaguar/Jag CD Game Manuals DB/Baldies.pdf,https://archive.org/download/mister-manuals-db-poc2/Jaguar/Jag%20CD%20Game%20Manuals%20DB/Baldies.pdf,2423760,cb76431fc8ed11075ff5936130496d38,Jaguar,,Jaguar
docs/Jaguar/Jag CD Game Manuals DB/Blue_Lightning.pdf,https://archive.org/download/mister-manuals-db-poc2/Jaguar/Jag%20CD%20Game%20Manuals%20DB/Blue_Lightning.pdf,1162789,13800ebe6fbad90942ae435ad1791662,Jaguar,,Jaguar
docs/Jaguar/Jag CD Game Manuals DB/BrainDead_13.pdf,https://archive.org/download/mister-manuals-db-poc2/Jaguar/Jag%20CD%20Game%20Manuals%20DB/BrainDead_13.pdf,1403572,78abb9f0b5964b063efdcbd161e3a724,Jaguar,,Jaguar
docs/Jaguar/Jag CD Game Manuals DB/Dragon-s_Lair.pdf,https://archive.org/download/mister-manuals-db-poc2/Jaguar/Jag%20CD%20Game%20Manuals%20DB/Dragon-s_Lair.pdf,1471993,d899f627166e431ff1b600a650f8ad03,Jaguar,,Jaguar
docs/Jaguar/Jag CD Game Manuals DB/Myst.pdf,https://archive.org/download/mister-manuals-db-poc2/Jaguar/Jag%20CD%20Game%20Manuals%20DB/Myst.pdf,13067422,fad174b798b7eeeb1908f12f09f88904,Jaguar,,Jaguar
docs/Jaguar/Jag CD Game Manuals DB/Primal_Rage.pdf,https://archive.org/download/mister-manuals-db-poc2/Jaguar/Jag%20CD%20Game%20Manuals%20DB/Primal_Rage.pdf,2784067,0c261b7f45052720840e56b46b8b8e7f,Jaguar,,Jaguar
docs/Jaguar/Jag CD Game Manuals DB/Space_Ace.pdf,https://archive.org/download/mister-manuals-db-poc2/Jaguar/Jag%20CD%20Game%20Manuals%20DB/Space_Ace.pdf,939374,2fff6f3273fc0278f57a04033180f5b3,Jaguar,,Jaguar
docs/Jaguar/Jag CD Game Manuals DB/Vid_Grid.pdf,https://archive.org/download/mister-manuals-db-poc2/Jaguar/Jag%20CD%20Game%20Manuals%20DB/Vid_Grid.pdf,10827317,75e3992c8a86f3472ca31f6c745b6348,Jaguar,,Jaguar
docs/Jaguar/Jag CD Game Manuals DB/World_Tour_Racing.pdf,https://archive.org/download/mister-manuals-db-poc2/Jaguar/Jag%20CD%20Game%20Manuals%20DB/World_Tour_Racing.pdf,1443602,88745c03b8c0909a28fa4b10fb50a0b9,Jaguar,,Jaguar
docs/NEOGEO/Neo-Geo Game Manuals DB/Breakers_-_1996_-_SNK_Corporation.pdf,https://archive.org/download/mister-manuals-db-poc2/NEOGEO/Neo-Geo%20Game%20Manuals%20DB/Breakers_-_1996_-_SNK_Corporation.pdf,19275351,fa52d41bc63f5e6fe1cf9592ba8b75de,NEOGEO,,NEOGEO
docs/NEOGEO/Neo-Geo Game Manuals DB/Garou_-_Mark_of_the_Wolves_-_2000_-_SNK_Corporation.pdf,https://archive.org/download/mister-manuals-db-poc2/NEOGEO/Neo-Geo%20Game%20Manuals%20DB/Garou_-_Mark_of_the_Wolves_-_2000_-_SNK_Corporation.pdf,13951968,9f2c1c53ee5a354779d64487c253d43d,NEOGEO,,NEOGEO
docs/NEOGEO/Neo-Geo Game Manuals DB/NAM-1975_-_1991_-_SNK_Corporation.pdf,https://archive.org/download/mister-manuals-db-poc2/NEOGEO/Neo-Geo%20Game%20Manuals%20DB/NAM-1975_-_1991_-_SNK_Corporation.pdf,10660945,badfb4165295d5432608fdca9f31d4e8,NEOGEO,,NEOGEO
docs/NEOGEO/Neo-Geo Game Manuals DB/Robo_Army_-_1991_-_SNK_Corporation.pdf,https://archive.org/download/mister-manuals-db-poc2/NEOGEO/Neo-Geo%20Game%20Manuals%20DB/Robo_Army_-_1991_-_SNK_Corporation.pdf,16607126,b844260d4c93aa1daad1276e11faddff,NEOGEO,,NEOGEO
docs/NEOGEO/Neo-Geo Game Manuals DB/Sengoku_2_-_1993_-_SNK_Corporation.pdf,https://archive.org/download/mister-manuals-db-poc2/NEOGEO/Neo-Geo%20Game%20Manuals%20DB/Sengoku_2_-_1993_-_SNK_Corporation.pdf,22676559,5a247050b6b4179b137c4b9c3e12d463,NEOGEO,,NEOGEO
docs/NEOGEO/Neo-Geo Game Manuals DB/Sengoku_3_-_2001_-_SNK_Corporation.pdf,https://archive.org/download/mister-manuals-db-poc2/NEOGEO/Neo-Geo%20Game%20Manuals%20DB/Sengoku_3_-_2001_-_SNK_Corporation.pdf,14380958,d03d97fad8fdb561d23c533382951d1b,NEOGEO,,NEOGEO
docs/SMS/SG-1000 Game Manuals DB/Castle_-_1986_-_Sega.pdf,https://archive.org/download/mister-manuals-db-poc2/SMS/SG-1000%20Game%20Manuals%20DB/Castle_-_1986_-_Sega.pdf,2842785,21241d2326815bef3fc5b6605e983f0d,SMS,,SMS
docs/SMS/SG-1000 Game Manuals DB/Champion_Golf_-_1983_-_Sega.pdf,https://archive.org/download/mister-manuals-db-poc2/SMS/SG-1000%20Game%20Manuals%20DB/Champion_Golf_-_1983_-_Sega.pdf,213691,e3cab208a5bc1755691d7f92cf42bc8c,SMS,,SMS
docs/SMS/SG-1000 Game Manuals DB/Zippy_Race_-_1983_-_Irem.pdf,https://archive.org/download/mister-manuals-db-poc2/SMS/SG-1000%20Game%20Manuals%20DB/Zippy_Race_-_1983_-_Irem.pdf,18973111,d365296e4793fbb58571c95fa8d85c27,SMS,,SMS
docs/TGFX16/PC Engine Game Manuals DB/Legend_of_Hero_Tonma_-_1991_-_Irem.pdf,https://archive.org/download/mister-manuals-db-poc2/TGFX16/PC%20Engine%20Game%20Manuals%20DB/Legend_of_Hero_Tonma_-_1991_-_Irem.pdf,1709886,b811576908c5bf0201a91f5a28dcbe5f,TGFX16,,TGFX16
docs/TGFX16/PC Engine Game Manuals DB/The_Ninja_Warriors_-_1989_-_Taito_Corporation.pdf,https://archive.org/download/mister-manuals-db-poc2/TGFX16/PC%20Engine%20Game%20Manuals%20DB/The_Ninja_Warriors_-_1989_-_Taito_Corporation.pdf,1718248,c2d7cb6d61b505a49bcec5533edd7e12,TGFX16,,TGFX16
docs/TGFX16/TurboGrafx CD Game Manuals DB/Bonk_3-_Bonk-s_Big_Adventure_-_1993_-_NEC_Corporation.pdf,https://archive.org/download/mister-manuals-db-poc2/TGFX16/TurboGrafx%20CD%20Game%20Manuals%20DB/Bonk_3-_Bonk-s_Big_Adventure_-_1993_-_NEC_Corporation.pdf,3810669,a2aac4b0737695473c4420875965d1d0,TGFX16,,TGFX16
docs/WonderSwan/Wonderswan Color Game Manuals DB/Mobile_Suit_Gundam-_Vol._2-_Jaburo_-_2001_-_Bandai.pdf,https://archive.org/download/mister-manuals-db-poc2/WonderSwan/Wonderswan%20Color%20Game%20Manuals%20DB/Mobile_Suit_Gundam-_Vol._2-_Jaburo_-_2001_-_Bandai.pdf,8724140,884db88175203ab77972f26f607d899a,WonderSwan,,WonderSwan
docs/WonderSwan/Wonderswan Color Game Manuals DB/Mobile_Suit_Gundam-_Vol._3-_A_Baoa_Qu_-_2002_-_Bandai.pdf,https://archive.org/download/mister-manuals-db-poc2/WonderSwan/Wonderswan%20Color%20Game%20Manuals%20DB/Mobile_Suit_Gundam-_Vol._3-_A_Baoa_Qu_-_2002_-_Bandai.pdf,8557199,03db2d05ca182b6dced47d3f73638b87,WonderSwan,,WonderSwan
